agent,competition,debug_prob,debug_depth,exec_timeout,journal_path
aide,tensorflow2-question-answering,0.7,20,32400,/scratch/gpfs/PLI/sl2998/workspace/mle-agent/runs/2026-01-12T16-17-15-GMT_run-group_aide/tensorflow2-question-answering_70e1a3fe-3e71-47bd-a256-84f7ddb0734c/logs/journal.json
aide,tensorflow2-question-answering,1.0,20,32400,/scratch/gpfs/PLI/sl2998/workspace/mle-agent/runs/2026-01-12T17-53-26-GMT_run-group_aide/tensorflow2-question-answering_f3912642-6615-4bf0-9b61-b8f1cba26bcb/logs/journal.json
aide,smartphone-decimeter-2022,0.7,20,32400,/scratch/gpfs/PLI/sl2998/workspace/mle-agent/runs/2026-01-12T16-17-18-GMT_run-group_aide/smartphone-decimeter-2022_3bc4066f-ac95-40ef-b97e-11c5552def54/logs/journal.json
aide,smartphone-decimeter-2022,1.0,20,32400,/scratch/gpfs/PLI/sl2998/workspace/mle-agent/runs/2026-01-12T17-53-15-GMT_run-group_aide/smartphone-decimeter-2022_8ff7940b-70d1-4be4-9d78-84f197eedf08/logs/journal.json
aide,new-york-city-taxi-fare-prediction,0.7,20,32400,/scratch/gpfs/PLI/sl2998/workspace/mle-agent/runs/2026-01-12T14-48-03-GMT_run-group_aide/new-york-city-taxi-fare-prediction_308b6b23-0fb8-4055-9c5f-7300944fe356/logs/journal.json
aide,new-york-city-taxi-fare-prediction,1.0,20,32400,/scratch/gpfs/PLI/sl2998/workspace/mle-agent/runs/2026-01-12T17-50-05-GMT_run-group_aide/new-york-city-taxi-fare-prediction_a1194499-3da0-46a6-b3f8-3249dc6e8be2/logs/journal.json
aide,dog-breed-identification,1.0,20,32400,/scratch/gpfs/PLI/sl2998/workspace/mle-agent/runs/2026-01-07T03-28-28-GMT_run-group_aide/dog-breed-identification_b87e2950-be74-456b-a898-6b5604d34968/logs/journal.json
aide,billion-word-imputation,1.0,20,32400,/scratch/gpfs/PLI/sl2998/workspace/mle-agent/runs/2026-01-07T03-28-29-GMT_run-group_aide/billion-word-imputation_3e192ba2-0b7d-4cae-b9a2-728e3ab4ea09/logs/journal.json
aide,facebook-recruiting-iii-keyword-extraction,1.0,20,32400,/scratch/gpfs/PLI/sl2998/workspace/mle-agent/runs/2026-01-07T03-29-20-GMT_run-group_aide/facebook-recruiting-iii-keyword-extraction_91019ce9-76f3-41a2-b007-40d079f84307/logs/journal.json
mlmaster,tensorflow2-question-answering,,20,32400,/scratch/gpfs/PLI/sl2998/workspace/mle-agent/runs/2026-01-15T02-24-09-GMT_run-group_mlmaster/tensorflow2-question-answering_7bbcd639-b3cc-4c7a-9172-a7e2fdbaa347/logs/journal_from_log.json
mlmaster,smartphone-decimeter-2022,,20,32400,/scratch/gpfs/PLI/sl2998/workspace/mle-agent/runs/2026-01-15T02-51-25-GMT_run-group_mlmaster/smartphone-decimeter-2022_dc52698e-1111-4c76-866d-94afc58b01e0/logs/journal_from_log.json
aide,billion-word-imputation,0.5,20,32400,/scratch/gpfs/PLI/sl2998/workspace/mle-agent/runs/2026-01-16T03-43-30-GMT_run-group_aide/billion-word-imputation_e72b00a4-2017-489d-9bbe-4b297478e50e/logs/journal.json
aide,smartphone-decimeter-2022,0.5,20,32400,/scratch/gpfs/PLI/sl2998/workspace/mle-agent/runs/2026-01-16T03-44-37-GMT_run-group_aide/smartphone-decimeter-2022_23f5be00-01d5-40a2-af7a-98efd0b43df5/logs/journal.json
aide,tensorflow2-question-answering,0.5,20,32400,/scratch/gpfs/PLI/sl2998/workspace/mle-agent/runs/2026-01-16T03-41-58-GMT_run-group_aide/tensorflow2-question-answering_a4834608-d64f-45b0-a538-11c3bac954ec/logs/journal.json
aide,facebook-recruiting-iii-keyword-extraction,0.5,20,32400,/scratch/gpfs/PLI/sl2998/workspace/mle-agent/runs/2026-01-16T03-40-38-GMT_run-group_aide/facebook-recruiting-iii-keyword-extraction_bba63cdd-f9c5-4a73-baa3-5407db130590/logs/journal.json
aide,new-york-city-taxi-fare-prediction,0.5,20,32400,/scratch/gpfs/PLI/sl2998/workspace/mle-agent/runs/2026-01-16T03-40-29-GMT_run-group_aide/new-york-city-taxi-fare-prediction_ffa2b2bf-6723-43c3-978c-1099a22ff9e6/logs/journal.json
aide,dog-breed-identification,0.5,20,32400,/scratch/gpfs/PLI/sl2998/workspace/mle-agent/runs/2026-01-16T03-40-23-GMT_run-group_aide/dog-breed-identification_a0bf6613-aad7-4db1-ba55-34485b6fad36/logs/journal.json
mlmaster,facebook-recruiting-iii-keyword-extraction,,20,32400,/scratch/gpfs/PLI/sl2998/workspace/mle-agent/runs/2026-01-15T19-53-14-GMT_run-group_mlmaster/facebook-recruiting-iii-keyword-extraction_f0ac7f27-b233-48e7-b78c-46befa1075d1/logs/journal_from_log.json
mlmaster,dog-breed-identification,,20,32400,/scratch/gpfs/PLI/sl2998/workspace/mle-agent/runs/2026-01-15T19-52-47-GMT_run-group_mlmaster/dog-breed-identification_f7153e2c-52ce-4717-88a9-8fad19a8b3a3/logs/journal_from_log.json
mlmaster,billion-word-imputation,,20,32400,/scratch/gpfs/PLI/sl2998/workspace/mle-agent/runs/2026-01-15T19-51-47-GMT_run-group_mlmaster/billion-word-imputation_c5402bc4-13cc-42dc-a13b-73cf5e40c9da/logs/journal_from_log.json
aide,new-york-city-taxi-fare-prediction,0.7,20,900,/scratch/gpfs/PLI/sl2998/workspace/mle-agent/runs/2026-01-17T05-57-39-GMT_run-group_aide/new-york-city-taxi-fare-prediction_ac54e712-960c-4830-8621-646c5d8c90b7/logs/journal.json
aide,tensorflow2-question-answering,0.7,5,900,/scratch/gpfs/PLI/sl2998/workspace/mle-agent/runs/2026-01-17T06-01-28-GMT_run-group_aide/tensorflow2-question-answering_1f51cd5a-8b76-40a6-9da9-6af02d22dbe7/logs/journal.json
aide,smartphone-decimeter-2022,0.7,5,900,/scratch/gpfs/PLI/sl2998/workspace/mle-agent/runs/2026-01-17T06-01-52-GMT_run-group_aide/smartphone-decimeter-2022_463cbb6a-5aa8-40c7-b344-4bda6188e4bb/logs/journal.json
aide,facebook-recruiting-iii-keyword-extraction,0.7,5,900,/scratch/gpfs/PLI/sl2998/workspace/mle-agent/runs/2026-01-17T06-01-21-GMT_run-group_aide/facebook-recruiting-iii-keyword-extraction_a940bf79-9bde-4daa-a5fd-f8e60a2cd587/logs/journal.json
aide,billion-word-imputation,0.7,20,32400,/scratch/gpfs/PLI/sl2998/workspace/mle-agent/runs/2026-01-17T04-36-38-GMT_run-group_aide/billion-word-imputation_468a2bf8-bf75-41b9-8d1f-0b72f6c91b4b/logs/journal.json
aide,dog-breed-identification,0.7,20,32400,/scratch/gpfs/PLI/sl2998/workspace/mle-agent/runs/2026-01-17T04-36-41-GMT_run-group_aide/dog-breed-identification_00856ee4-f574-410c-b191-0c71bcf37364/logs/journal.json
aide,facebook-recruiting-iii-keyword-extraction,0.7,20,32400,/scratch/gpfs/PLI/sl2998/workspace/mle-agent/runs/2026-01-17T04-37-40-GMT_run-group_aide/facebook-recruiting-iii-keyword-extraction_2f4a8e6a-3290-4b7b-94d3-2c2ed29fc28a/logs/journal.json
aide,dog-breed-identification,0.7,20,900,/scratch/gpfs/PLI/sl2998/workspace/mle-agent/runs/2026-01-17T05-57-21-GMT_run-group_aide/dog-breed-identification_3440a5f6-f9c3-48cc-b89d-05627b606ab1/logs/journal.json
aide,billion-word-imputation,0.7,20,900,/scratch/gpfs/PLI/sl2998/workspace/mle-agent/runs/2026-01-17T05-57-28-GMT_run-group_aide/billion-word-imputation_b5ed78f4-7846-4283-aee4-0ef0c63dc361/logs/journal.json
aide,smartphone-decimeter-2022,0.7,20,900,/scratch/gpfs/PLI/sl2998/workspace/mle-agent/runs/2026-01-17T05-59-38-GMT_run-group_aide/smartphone-decimeter-2022_2975b4fc-6c67-4c26-8cb4-b3e7dac7ffef/logs/journal.json
aide,billion-word-imputation,0.7,5,900,/scratch/gpfs/PLI/sl2998/workspace/mle-agent/runs/2026-01-17T05-59-41-GMT_run-group_aide/billion-word-imputation_bce28670-b88a-4c2c-a9a6-a330815d3b43/logs/journal.json
aide,dog-breed-identification,0.7,5,900,/scratch/gpfs/PLI/sl2998/workspace/mle-agent/runs/2026-01-17T05-59-51-GMT_run-group_aide/dog-breed-identification_ccc99564-5dd4-4acc-ac25-5f1d9c0c8dd9/logs/journal.json
aide,tensorflow2-question-answering,0.7,20,900,/scratch/gpfs/PLI/sl2998/workspace/mle-agent/runs/2026-01-17T06-00-25-GMT_run-group_aide/tensorflow2-question-answering_c062270c-af35-4d9d-8c2e-1bd284858573/logs/journal.json
aide,facebook-recruiting-iii-keyword-extraction,0.7,20,900,/scratch/gpfs/PLI/sl2998/workspace/mle-agent/runs/2026-01-17T05-58-25-GMT_run-group_aide/facebook-recruiting-iii-keyword-extraction_6fbcae64-8faa-440d-8f47-74b5b2ecb231/logs/journal.json
aide,new-york-city-taxi-fare-prediction,0.7,5,900,/scratch/gpfs/PLI/sl2998/workspace/mle-agent/runs/2026-01-17T05-59-31-GMT_run-group_aide/new-york-city-taxi-fare-prediction_392f99c4-b806-41a8-8f7a-1bb1916f8b10/logs/journal.json
aide,billion-word-imputation,0.7,10,900,/scratch/gpfs/PLI/sl2998/workspace/mle-agent/runs/2026-01-18T06-31-50-GMT_run-group_aide/billion-word-imputation_f5b2dd9b-e8b4-4ead-bea6-03aad82442bb/logs/journal.json
aide,tensorflow2-question-answering,0.7,10,900,/scratch/gpfs/PLI/sl2998/workspace/mle-agent/runs/2026-01-18T06-31-52-GMT_run-group_aide/tensorflow2-question-answering_f9505ef2-19d7-4c88-b3f2-0341b8a6ba9f/logs/journal.json
aide,new-york-city-taxi-fare-prediction,0.7,10,900,/scratch/gpfs/PLI/sl2998/workspace/mle-agent/runs/2026-01-18T06-31-53-GMT_run-group_aide/new-york-city-taxi-fare-prediction_d44f4fb6-341f-4f62-ac3d-def65e4a4793/logs/journal.json
aide,dog-breed-identification,0.7,10,900,/scratch/gpfs/PLI/sl2998/workspace/mle-agent/runs/2026-01-18T06-32-15-GMT_run-group_aide/dog-breed-identification_8340bf25-cd77-4f94-bffb-78da43a0e57d/logs/journal.json
aide,smartphone-decimeter-2022,0.7,10,900,/scratch/gpfs/PLI/sl2998/workspace/mle-agent/runs/2026-01-18T06-34-59-GMT_run-group_aide/smartphone-decimeter-2022_22366a7a-d1ce-4089-b4d1-448f34a92203/logs/journal.json
aide,facebook-recruiting-iii-keyword-extraction,0.7,10,900,/scratch/gpfs/PLI/sl2998/workspace/mle-agent/runs/2026-01-19T06-16-41-GMT_run-group_aide/facebook-recruiting-iii-keyword-extraction_da1d8c9e-7db4-4ddb-8447-ce5afe72d55d/logs/journal.json
mlmaster,new-york-city-taxi-fare-prediction,,,,/scratch/gpfs/PLI/sl2998/workspace/mle-agent/runs/2026-01-19T06-59-33-GMT_run-group_mlmaster/new-york-city-taxi-fare-prediction_3a0d3668-1d1e-44fe-a55c-5bb68fca8124/logs/journal_from_log.json
aide,tensorflow2-question-answering,0.8,20,900,/scratch/gpfs/PLI/sl2998/workspace/mle-agent/runs/2026-01-28T18-22-19-GMT_run-group_aide/tensorflow2-question-answering_dd520e98-5338-4818-9beb-5ac5edbb8451/logs/journal.json
aide,new-york-city-taxi-fare-prediction,0.8,20,900,/scratch/gpfs/PLI/sl2998/workspace/mle-agent/runs/2026-01-28T18-22-25-GMT_run-group_aide/new-york-city-taxi-fare-prediction_3570fa32-cd97-439f-a2a2-ffe3f83a6341/logs/journal.json
aide,new-york-city-taxi-fare-prediction,0.7,10,3600,/scratch/gpfs/PLI/sl2998/workspace/mle-agent/runs/2026-01-28T18-25-18-GMT_run-group_aide/new-york-city-taxi-fare-prediction_38da1bda-9f2a-4e86-b87e-9ca2a8d19aa3/logs/journal.json
aide,dog-breed-identification,0.7,20,3600,/scratch/gpfs/PLI/sl2998/workspace/mle-agent/runs/2026-01-28T18-25-21-GMT_run-group_aide/dog-breed-identification_bef500da-3017-4627-9cb4-f366f1eb284a/logs/journal.json
aide,billion-word-imputation,0.7,20,3600,/scratch/gpfs/PLI/sl2998/workspace/mle-agent/runs/2026-01-28T18-25-22-GMT_run-group_aide/billion-word-imputation_f100efed-98cd-4aaa-b971-76bdcae3f6b3/logs/journal.json
aide,new-york-city-taxi-fare-prediction,0.7,20,3600,/scratch/gpfs/PLI/sl2998/workspace/mle-agent/runs/2026-01-28T18-25-24-GMT_run-group_aide/new-york-city-taxi-fare-prediction_7177d08d-2a01-4507-8f4d-43e973194f72/logs/journal.json
aide,new-york-city-taxi-fare-prediction,0.6,20,900,/scratch/gpfs/PLI/sl2998/workspace/mle-agent/runs/2026-01-28T18-25-24-GMT_run-group_aide/new-york-city-taxi-fare-prediction_fcee28cc-9bdd-4901-b4ac-7781cfeeeb1c/logs/journal.json
aide,dog-breed-identification,0.7,20,3600,/scratch/gpfs/PLI/sl2998/workspace/mle-agent/runs/2026-01-28T18-25-26-GMT_run-group_aide/dog-breed-identification_0351468a-6ddd-4671-9ee5-b6d83392f370/logs/journal.json
aide,billion-word-imputation,0.7,20,3600,/scratch/gpfs/PLI/sl2998/workspace/mle-agent/runs/2026-01-28T18-25-26-GMT_run-group_aide/billion-word-imputation_2b48c1c4-984a-4d9e-bb1d-007c0ae44d74/logs/journal.json
aide,dog-breed-identification,0.6,20,900,/scratch/gpfs/PLI/sl2998/workspace/mle-agent/runs/2026-01-28T18-25-38-GMT_run-group_aide/dog-breed-identification_61cd8a7e-2940-4c08-9fba-1831bf7810db/logs/journal.json
aide,tensorflow2-question-answering,0.7,20,3600,/scratch/gpfs/PLI/sl2998/workspace/mle-agent/runs/2026-01-28T18-26-00-GMT_run-group_aide/tensorflow2-question-answering_9be3528e-29cd-49aa-a333-c6b988b88a29/logs/journal.json
aide,billion-word-imputation,0.6,20,900,/scratch/gpfs/PLI/sl2998/workspace/mle-agent/runs/2026-01-28T18-26-03-GMT_run-group_aide/billion-word-imputation_ed99c1bf-dc0e-4f6e-947d-52ca1ede9450/logs/journal.json
aide,facebook-recruiting-iii-keyword-extraction,0.6,20,900,/scratch/gpfs/PLI/sl2998/workspace/mle-agent/runs/2026-01-28T18-26-14-GMT_run-group_aide/facebook-recruiting-iii-keyword-extraction_031d7221-a629-43fd-940e-3ea0c628fb79/logs/journal.json
aide,tensorflow2-question-answering,0.7,10,3600,/scratch/gpfs/PLI/sl2998/workspace/mle-agent/runs/2026-01-28T18-26-43-GMT_run-group_aide/tensorflow2-question-answering_72831c01-a0e0-436c-8d9a-1835022509ed/logs/journal.json
aide,tensorflow2-question-answering,0.7,20,3600,/scratch/gpfs/PLI/sl2998/workspace/mle-agent/runs/2026-01-28T18-26-45-GMT_run-group_aide/tensorflow2-question-answering_b3083c60-404d-4a51-bfac-7847b214834d/logs/journal.json
aide,billion-word-imputation,0.7,10,3600,/scratch/gpfs/PLI/sl2998/workspace/mle-agent/runs/2026-01-28T18-27-02-GMT_run-group_aide/billion-word-imputation_05af6d59-04d6-4b40-beeb-f4a388b84be6/logs/journal.json
aide,smartphone-decimeter-2022,0.7,20,3600,/scratch/gpfs/PLI/sl2998/workspace/mle-agent/runs/2026-01-28T18-27-17-GMT_run-group_aide/smartphone-decimeter-2022_93d897d4-61c8-4859-9b71-0ef58051a7df/logs/journal.json
aide,dog-breed-identification,0.7,10,3600,/scratch/gpfs/PLI/sl2998/workspace/mle-agent/runs/2026-01-28T18-27-24-GMT_run-group_aide/dog-breed-identification_28b36995-e26c-452d-921f-cd375cd3641d/logs/journal.json
aide,facebook-recruiting-iii-keyword-extraction,0.7,10,3600,/scratch/gpfs/PLI/sl2998/workspace/mle-agent/runs/2026-01-28T18-27-41-GMT_run-group_aide/facebook-recruiting-iii-keyword-extraction_0a356f77-fd3e-4934-bcd1-d26d68e925a7/logs/journal.json
aide,tensorflow2-question-answering,0.6,20,900,/scratch/gpfs/PLI/sl2998/workspace/mle-agent/runs/2026-01-28T18-28-13-GMT_run-group_aide/tensorflow2-question-answering_789ddf5d-d083-4222-8fa3-87ad52943b68/logs/journal.json
aide,smartphone-decimeter-2022,0.7,20,3600,/scratch/gpfs/PLI/sl2998/workspace/mle-agent/runs/2026-01-28T18-28-56-GMT_run-group_aide/smartphone-decimeter-2022_ac86949d-3669-4527-90bd-9a403ac95e4d/logs/journal.json
aide,smartphone-decimeter-2022,0.6,20,900,/scratch/gpfs/PLI/sl2998/workspace/mle-agent/runs/2026-01-28T18-29-17-GMT_run-group_aide/smartphone-decimeter-2022_e4047e66-445e-4723-87c0-dc80e4176451/logs/journal.json
aide,smartphone-decimeter-2022,0.7,10,3600,/scratch/gpfs/PLI/sl2998/workspace/mle-agent/runs/2026-01-28T18-30-14-GMT_run-group_aide/smartphone-decimeter-2022_468a0383-efa7-4099-8345-2fad0d0f97a0/logs/journal.json
aide,new-york-city-taxi-fare-prediction,0.7,5,3600,/scratch/gpfs/PLI/sl2998/workspace/mle-agent/runs/2026-01-28T18-30-27-GMT_run-group_aide/new-york-city-taxi-fare-prediction_33a19a53-c204-4197-8e00-823ccc19ca44/logs/journal.json
aide,facebook-recruiting-iii-keyword-extraction,0.7,5,3600,/scratch/gpfs/PLI/sl2998/workspace/mle-agent/runs/2026-01-28T18-31-05-GMT_run-group_aide/facebook-recruiting-iii-keyword-extraction_d88ae9a6-0972-413d-85bc-4a6f93085d66/logs/journal.json
aide,dog-breed-identification,0.7,5,3600,/scratch/gpfs/PLI/sl2998/workspace/mle-agent/runs/2026-01-28T18-31-27-GMT_run-group_aide/dog-breed-identification_25c1789f-0526-4b29-a3a8-0924dd98cbb0/logs/journal.json
aide,smartphone-decimeter-2022,0.7,5,3600,/scratch/gpfs/PLI/sl2998/workspace/mle-agent/runs/2026-01-28T18-32-46-GMT_run-group_aide/smartphone-decimeter-2022_62cdcf1c-dfe2-4d25-9897-e21e24c16a0c/logs/journal.json
aide,spaceship-titanic,,,,/scratch/gpfs/PLI/sl2998/workspace/mle-agent/runs/2025-12-17T06-45-59-GMT_run-group_aide/spaceship-titanic_cd4e6f5e-0122-4374-8f2c-51edc896dff5/logs/journal.json
aide,dog-breed-identification,,,,/scratch/gpfs/PLI/sl2998/workspace/mle-agent/runs/2025-12-17T06-48-13-GMT_run-group_aide/dog-breed-identification_a6b5e2fd-71a8-4eae-8979-7802cd26b99b/logs/journal.json
aide,spaceship-titanic,,,,/scratch/gpfs/PLI/sl2998/workspace/mle-agent/runs/2025-12-17T17-12-55-GMT_run-group_aide/spaceship-titanic_4ccb8dea-5ac0-4a62-a337-11abce1dff5b/logs/journal.json
aide,dog-breed-identification,,,,/scratch/gpfs/PLI/sl2998/workspace/mle-agent/runs/2025-12-17T20-27-30-GMT_run-group_aide/dog-breed-identification_c0e0f64d-71c0-4764-b6eb-1720ffb9b6f2/logs/journal.json
aide,dog-breed-identification,,,,/scratch/gpfs/PLI/sl2998/workspace/mle-agent/runs/2025-12-17T20-27-37-GMT_run-group_aide/dog-breed-identification_289ca915-421e-409f-a723-a00949147720/logs/journal.json
aide,facebook-recruiting-iii-keyword-extraction,,,,/scratch/gpfs/PLI/sl2998/workspace/mle-agent/runs/2025-12-17T20-27-39-GMT_run-group_aide/facebook-recruiting-iii-keyword-extraction_4f34ead4-67dd-4a3c-8ae8-53ff9665f765/logs/journal.json
aide,tensorflow2-question-answering,,,,/scratch/gpfs/PLI/sl2998/workspace/mle-agent/runs/2025-12-17T20-27-52-GMT_run-group_aide/tensorflow2-question-answering_0ca9f870-addc-490e-b655-cb9818dfe908/logs/journal.json
aide,tensorflow2-question-answering,,,,/scratch/gpfs/PLI/sl2998/workspace/mle-agent/runs/2025-12-17T20-27-55-GMT_run-group_aide/tensorflow2-question-answering_a3cf875b-2303-466b-bd8d-5a2820cd34b3/logs/journal.json
aide,new-york-city-taxi-fare-prediction,,,,/scratch/gpfs/PLI/sl2998/workspace/mle-agent/runs/2025-12-17T22-24-40-GMT_run-group_aide/new-york-city-taxi-fare-prediction_27f08044-8780-436d-b4c6-f3ada5032940/logs/journal.json
aide,new-york-city-taxi-fare-prediction,,,,/scratch/gpfs/PLI/sl2998/workspace/mle-agent/runs/2025-12-17T22-24-49-GMT_run-group_aide/new-york-city-taxi-fare-prediction_7a648d7c-7ff3-45ed-87d6-28091f916a20/logs/journal.json
aide,smartphone-decimeter-2022,,,,/scratch/gpfs/PLI/sl2998/workspace/mle-agent/runs/2025-12-17T22-27-24-GMT_run-group_aide/smartphone-decimeter-2022_a4d19b83-d145-450f-8938-d4d6e9f61cb6/logs/journal.json
aide,billion-word-imputation,,,,/scratch/gpfs/PLI/sl2998/workspace/mle-agent/runs/2025-12-17T22-27-34-GMT_run-group_aide/billion-word-imputation_d5d16200-570e-4a6c-a213-5149ab5088b1/logs/journal.json
aide,billion-word-imputation,,,,/scratch/gpfs/PLI/sl2998/workspace/mle-agent/runs/2025-12-17T22-27-45-GMT_run-group_aide/billion-word-imputation_edfd4a1e-7256-44d9-991b-d68617fcd9a5/logs/journal.json
aide,smartphone-decimeter-2022,,,,/scratch/gpfs/PLI/sl2998/workspace/mle-agent/runs/2025-12-17T22-28-29-GMT_run-group_aide/smartphone-decimeter-2022_5cc81790-b958-4b12-b20a-6d15a459507c/logs/journal.json
aide,new-york-city-taxi-fare-prediction,,,,/scratch/gpfs/PLI/sl2998/workspace/mle-agent/runs/2025-12-18T03-39-09-GMT_run-group_aide/new-york-city-taxi-fare-prediction_eb9b444f-d525-4bf3-ad56-3f085338b0ff/logs/journal.json
aide,tensorflow2-question-answering,,,,/scratch/gpfs/PLI/sl2998/workspace/mle-agent/runs/2025-12-18T03-41-44-GMT_run-group_aide/tensorflow2-question-answering_d04c55f4-d165-48e9-9f2d-23386f3917bd/logs/journal.json
aide,billion-word-imputation,,,,/scratch/gpfs/PLI/sl2998/workspace/mle-agent/runs/2025-12-18T04-23-24-GMT_run-group_aide/billion-word-imputation_85b1701f-5085-42f0-ac00-5ae1187269cb/logs/journal.json
aide,dog-breed-identification,,,,/scratch/gpfs/PLI/sl2998/workspace/mle-agent/runs/2025-12-18T04-23-26-GMT_run-group_aide/dog-breed-identification_58af4168-a96f-4422-9f93-68e779a4d652/logs/journal.json
aide,new-york-city-taxi-fare-prediction,,,,/scratch/gpfs/PLI/sl2998/workspace/mle-agent/runs/2025-12-18T04-23-26-GMT_run-group_aide/new-york-city-taxi-fare-prediction_47847d78-5bfd-4edd-844c-efa2cdc19e79/logs/journal.json
aide,facebook-recruiting-iii-keyword-extraction,,,,/scratch/gpfs/PLI/sl2998/workspace/mle-agent/runs/2025-12-18T04-25-55-GMT_run-group_aide/facebook-recruiting-iii-keyword-extraction_4c596c7d-6f97-481d-874f-54bae86a6d44/logs/journal.json
aide,tensorflow2-question-answering,,,,/scratch/gpfs/PLI/sl2998/workspace/mle-agent/runs/2025-12-18T04-26-18-GMT_run-group_aide/tensorflow2-question-answering_a420300f-f7da-42f9-bfdc-7d63a988762e/logs/journal.json
aide,smartphone-decimeter-2022,,,,/scratch/gpfs/PLI/sl2998/workspace/mle-agent/runs/2025-12-18T04-26-26-GMT_run-group_aide/smartphone-decimeter-2022_d59f7ef1-552e-459c-a4ca-24cbfca00037/logs/journal.json
aide,bms-molecular-translation,,,,/scratch/gpfs/PLI/sl2998/workspace/mle-agent/runs/2025-12-18T11-03-26-GMT_run-group_aide/bms-molecular-translation_6dc02299-adc3-4dd9-b716-66c3142b8c61/logs/journal.json
aide,facebook-recruiting-iii-keyword-extraction,,,,/scratch/gpfs/PLI/sl2998/workspace/mle-agent/runs/2025-12-18T18-45-30-GMT_run-group_aide/facebook-recruiting-iii-keyword-extraction_bcb4987f-f85d-4c9f-87ae-13d2cdcf0c39/logs/journal.json
aide,dog-breed-identification,,,,/scratch/gpfs/PLI/sl2998/workspace/mle-agent/runs/2025-12-18T22-47-00-GMT_run-group_aide/dog-breed-identification_4dc31cfb-76c6-40c0-97ee-a87794e7009e/logs/journal.json
aide,billion-word-imputation,,,,/scratch/gpfs/PLI/sl2998/workspace/mle-agent/runs/2025-12-18T22-47-09-GMT_run-group_aide/billion-word-imputation_dd93cd5e-a32b-4ea5-bcb1-61363395e225/logs/journal.json
aide,bms-molecular-translation,,,,/scratch/gpfs/PLI/sl2998/workspace/mle-agent/runs/2025-12-19T04-46-53-GMT_run-group_aide/bms-molecular-translation_6b78b924-96d3-45c8-84c7-c48b8144de44/logs/journal.json
aide,billion-word-imputation,,,,/scratch/gpfs/PLI/sl2998/workspace/mle-agent/runs/2025-12-19T05-46-57-GMT_run-group_aide/billion-word-imputation_72836516-3340-464d-b2ce-e28aed7fac5f/logs/journal.json
aide,dog-breed-identification,,,,/scratch/gpfs/PLI/sl2998/workspace/mle-agent/runs/2025-12-19T05-47-03-GMT_run-group_aide/dog-breed-identification_a8619e40-4ab9-4a2f-ae2c-609993164bbc/logs/journal.json
aide,dog-breed-identification,,,,/scratch/gpfs/PLI/sl2998/workspace/mle-agent/runs/2026-01-07T05-29-11-GMT_run-group_aide/dog-breed-identification_3fdd154e-3a6c-44d5-b789-869560ccb4dc/logs/journal.json
aide,billion-word-imputation,,,,/scratch/gpfs/PLI/sl2998/workspace/mle-agent/runs/2026-01-07T05-46-24-GMT_run-group_aide/billion-word-imputation_332c0177-7780-4ec1-9ecc-23204949a5fe/logs/journal.json
aide,bms-molecular-translation,,,,/scratch/gpfs/PLI/sl2998/workspace/mle-agent/runs/2026-01-07T10-53-52-GMT_run-group_aide/bms-molecular-translation_c70516a2-5e68-4b6b-8ddf-041940979033/logs/journal.json
aide,dog-breed-identification,,,,/scratch/gpfs/PLI/sl2998/workspace/mle-agent/runs/2026-01-16T16-29-02-GMT_run-group_aide/dog-breed-identification_9fd73126-529c-42c1-8186-0f0752e83d1f/logs/journal.json
aide,billion-word-imputation,,,,/scratch/gpfs/PLI/sl2998/workspace/mle-agent/runs/2026-01-29T05-32-26-GMT_run-group_aide/billion-word-imputation_146720f4-43f7-4d0f-9819-08a47b35a0d2/logs/journal.json
aide,billion-word-imputation,,,,/scratch/gpfs/PLI/sl2998/workspace/mle-agent/runs/2026-01-29T05-33-58-GMT_run-group_aide/billion-word-imputation_9fa8fba1-e958-481e-a701-20f00b7a563c/logs/journal.json
aide,billion-word-imputation,,,,/scratch/gpfs/PLI/sl2998/workspace/mle-agent/runs/2026-01-29T05-34-02-GMT_run-group_aide/billion-word-imputation_4e506dbd-ab42-4982-83f7-76ae804370d6/logs/journal.json
aide,facebook-recruiting-iii-keyword-extraction,,,,/scratch/gpfs/PLI/sl2998/workspace/mle-agent/runs/2026-01-29T05-34-55-GMT_run-group_aide/facebook-recruiting-iii-keyword-extraction_a8c82e53-ba87-41db-948e-194f2acb0bad/logs/journal.json
aide,facebook-recruiting-iii-keyword-extraction,,,,/scratch/gpfs/PLI/sl2998/workspace/mle-agent/runs/2026-01-29T05-34-57-GMT_run-group_aide/facebook-recruiting-iii-keyword-extraction_d664f9a4-94b1-4e22-b9cf-4b5b5d0d0f51/logs/journal.json
aide,smartphone-decimeter-2022,,,,/scratch/gpfs/PLI/sl2998/workspace/mle-agent/runs/2026-01-29T05-35-49-GMT_run-group_aide/smartphone-decimeter-2022_e2463ee5-b12f-47a8-a522-1b5386f6aba3/logs/journal.json
aide,aerial-cactus-identification,,,,/scratch/gpfs/PLI/sl2998/workspace/mle-agent/runs/2026-02-01T02-05-48-GMT_run-group_aide/aerial-cactus-identification_86779d21-4069-443f-98cf-0136165e353a/logs/journal.json
aide,aerial-cactus-identification,,,,/scratch/gpfs/PLI/sl2998/workspace/mle-agent/runs/2026-02-01T02-05-49-GMT_run-group_aide/aerial-cactus-identification_4d30b90e-f6ae-4ba3-ac35-32fcac3e52c3/logs/journal.json
aide,aerial-cactus-identification,1.0,20,32400,/scratch/gpfs/PLI/sl2998/workspace/mle-agent/runs/2026-02-01T21-30-00-GMT_run-group_aide/aerial-cactus-identification_3df0c3c8-ff69-40d9-9464-f3b49aee30c4/logs/journal.json
aide,aerial-cactus-identification,0.7,20,3600,/scratch/gpfs/PLI/sl2998/workspace/mle-agent/runs/2026-02-01T21-48-01-GMT_run-group_aide/aerial-cactus-identification_30f60532-3e33-4dfb-914e-c8e3bb4a9e17/logs/journal.json
aide,dog-breed-identification,1.0,20,32400,/scratch/gpfs/PLI/sl2998/workspace/mle-agent/runs/2026-02-01T22-53-43-GMT_run-group_aide/dog-breed-identification_4e4be21f-b11d-45b2-8cb1-137cabda3291/logs/journal.json
aide,dog-breed-identification,0.7,20,3600,/scratch/gpfs/PLI/sl2998/workspace/mle-agent/runs/2026-02-01T22-54-27-GMT_run-group_aide/dog-breed-identification_1837b26c-0fca-49cc-ba19-3e21694e9c2d/logs/journal.json
aide,new-york-city-taxi-fare-prediction,1.0,20,32400,/scratch/gpfs/PLI/sl2998/workspace/mle-agent/runs/2026-02-02T03-12-41-GMT_run-group_aide/new-york-city-taxi-fare-prediction_c54227a4-d94b-471f-84aa-263617f87967/logs/journal.json
aide,new-york-city-taxi-fare-prediction,0.7,20,3600,/scratch/gpfs/PLI/sl2998/workspace/mle-agent/runs/2026-02-02T03-12-43-GMT_run-group_aide/new-york-city-taxi-fare-prediction_d97a95d1-55f0-4431-98a3-1a90c43d5bf8/logs/journal.json
aide,tensorflow2-question-answering,0.7,20,3600,/scratch/gpfs/PLI/sl2998/workspace/mle-agent/runs/2026-02-03T05-07-33-GMT_run-group_aide/tensorflow2-question-answering_101c2fb8-990a-4fee-b3d4-4d6d44f7f888/logs/journal.json
aide,new-york-city-taxi-fare-prediction,0.7,20,3600,/scratch/gpfs/PLI/sl2998/workspace/mle-agent/runs/2026-02-03T06-58-03-GMT_run-group_aide/new-york-city-taxi-fare-prediction_4ab22f29-f4b5-4496-883f-2ca66c61c108/logs/journal.json
aide,new-york-city-taxi-fare-prediction,0.7,20,3600,/scratch/gpfs/PLI/sl2998/workspace/mle-agent/runs/2026-02-03T06-58-07-GMT_run-group_aide/new-york-city-taxi-fare-prediction_b23c4f2e-9fe7-4474-a0f8-ef7427399cd3/logs/journal.json
aide,dog-breed-identification,0.7,20,3600,/scratch/gpfs/PLI/sl2998/workspace/mle-agent/runs/2026-02-03T07-01-46-GMT_run-group_aide/dog-breed-identification_d2b8541b-5376-44f7-bedc-d5bb96490330/logs/journal.json
aide,dog-breed-identification,0.7,20,3600,/scratch/gpfs/PLI/sl2998/workspace/mle-agent/runs/2026-02-03T07-01-50-GMT_run-group_aide/dog-breed-identification_b990c580-780f-487b-8edd-f65b532c805b/logs/journal.json
aide,billion-word-imputation,0.7,20,3600,/scratch/gpfs/PLI/sl2998/workspace/mle-agent/runs/2026-02-03T07-01-53-GMT_run-group_aide/billion-word-imputation_a01970a8-ab9c-4ab7-ac0c-b00e2681a6b4/logs/journal.json
aide,smartphone-decimeter-2022,0.7,20,3600,/scratch/gpfs/PLI/sl2998/workspace/mle-agent/runs/2026-02-03T07-03-35-GMT_run-group_aide/smartphone-decimeter-2022_d6cb2793-10bd-4b0d-962e-9996f1296a82/logs/journal.json
aide,smartphone-decimeter-2022,0.7,20,3600,/scratch/gpfs/PLI/sl2998/workspace/mle-agent/runs/2026-02-03T07-04-46-GMT_run-group_aide/smartphone-decimeter-2022_9c6613c6-c043-4f29-a286-16548412f000/logs/journal.json
aide,denoising-dirty-documents,1.0,20,32400,/scratch/gpfs/PLI/sl2998/workspace/mle-agent/runs/2026-02-03T07-06-01-GMT_run-group_aide/denoising-dirty-documents_3d88585c-2e0b-4dad-9fb0-d00babab8574/logs/journal.json
aide,denoising-dirty-documents,0.7,20,3600,/scratch/gpfs/PLI/sl2998/workspace/mle-agent/runs/2026-02-03T07-06-05-GMT_run-group_aide/denoising-dirty-documents_23779db3-b46d-498a-ac15-e3f3f963b242/logs/journal.json
aide,detecting-insults-in-social-commentary,1.0,20,32400,/scratch/gpfs/PLI/sl2998/workspace/mle-agent/runs/2026-02-03T07-06-11-GMT_run-group_aide/detecting-insults-in-social-commentary_570847b0-c8e8-456d-b845-85fce5c05325/logs/journal.json
aide,leaf-classification,1.0,20,32400,/scratch/gpfs/PLI/sl2998/workspace/mle-agent/runs/2026-02-03T07-06-39-GMT_run-group_aide/leaf-classification_f7f64ee3-6df6-4946-8e8f-4b44205f0a58/logs/journal.json
aide,leaf-classification,0.7,20,3600,/scratch/gpfs/PLI/sl2998/workspace/mle-agent/runs/2026-02-03T07-06-52-GMT_run-group_aide/leaf-classification_9456acc0-c2dc-4654-a2e6-d9ef2644c18f/logs/journal.json
aide,mlsp-2013-birds,1.0,20,32400,/scratch/gpfs/PLI/sl2998/workspace/mle-agent/runs/2026-02-03T07-06-56-GMT_run-group_aide/mlsp-2013-birds_5df7c5ac-9a66-4ea2-af9d-85236b939206/logs/journal.json
aide,random-acts-of-pizza,1.0,20,32400,/scratch/gpfs/PLI/sl2998/workspace/mle-agent/runs/2026-02-03T07-07-07-GMT_run-group_aide/random-acts-of-pizza_f50fcb16-09e4-40c5-913f-b1302db98187/logs/journal.json
aide,nomad2018-predict-transparent-conductors,0.7,20,3600,/scratch/gpfs/PLI/sl2998/workspace/mle-agent/runs/2026-02-03T07-07-12-GMT_run-group_aide/nomad2018-predict-transparent-conductors_13aa9f5a-7fad-46cb-80ce-52462c6ded8e/logs/journal.json
aide,spooky-author-identification,0.7,20,3600,/scratch/gpfs/PLI/sl2998/workspace/mle-agent/runs/2026-02-03T07-07-13-GMT_run-group_aide/spooky-author-identification_e887db00-9cf2-4925-9b37-0a43947ecc22/logs/journal.json
aide,tabular-playground-series-dec-2021,0.7,20,3600,/scratch/gpfs/PLI/sl2998/workspace/mle-agent/runs/2026-02-03T07-07-43-GMT_run-group_aide/tabular-playground-series-dec-2021_6cd9a377-2aeb-48ab-ace5-8437fa7c7d4f/logs/journal.json
aide,tabular-playground-series-dec-2021,1.0,20,32400,/scratch/gpfs/PLI/sl2998/workspace/mle-agent/runs/2026-02-03T07-07-47-GMT_run-group_aide/tabular-playground-series-dec-2021_aa04edc5-4675-4e67-b406-d524ce8ddb82/logs/journal.json
aide,new-york-city-taxi-fare-prediction,1.0,20,32400,/scratch/gpfs/PLI/sl2998/workspace/mle-agent/runs/2026-02-03T07-07-56-GMT_run-group_aide/new-york-city-taxi-fare-prediction_e0c4ec75-76c9-4a4b-aa81-98e97568f0f7/logs/journal.json
aide,new-york-city-taxi-fare-prediction,0.7,20,3600,/scratch/gpfs/PLI/sl2998/workspace/mle-agent/runs/2026-02-03T07-08-01-GMT_run-group_aide/new-york-city-taxi-fare-prediction_ec0cd8ec-7046-46f1-ac92-283deaa68378/logs/journal.json
aide,detecting-insults-in-social-commentary,0.7,20,3600,/scratch/gpfs/PLI/sl2998/workspace/mle-agent/runs/2026-02-03T17-41-37-GMT_run-group_aide/detecting-insults-in-social-commentary_948e88f9-4d18-44c3-a2fa-9a9ae8633799/logs/journal.json
aide,denoising-dirty-documents,1.0,20,32400,/scratch/gpfs/PLI/sl2998/workspace/mle-agent/runs/2026-02-03T17-41-40-GMT_run-group_aide/denoising-dirty-documents_92b3710f-5ee2-46ed-a7e7-8a4723e0ea77/logs/journal.json
aide,denoising-dirty-documents,0.7,20,3600,/scratch/gpfs/PLI/sl2998/workspace/mle-agent/runs/2026-02-03T17-41-44-GMT_run-group_aide/denoising-dirty-documents_e2bd6881-5557-43ef-b65c-b0f0ee8ac3fb/logs/journal.json
aide,detecting-insults-in-social-commentary,1.0,20,32400,/scratch/gpfs/PLI/sl2998/workspace/mle-agent/runs/2026-02-03T17-41-45-GMT_run-group_aide/detecting-insults-in-social-commentary_9772b488-db3b-44ba-ba32-b3780e6ec209/logs/journal.json
aide,dog-breed-identification,1.0,20,32400,/scratch/gpfs/PLI/sl2998/workspace/mle-agent/runs/2026-02-03T17-42-28-GMT_run-group_aide/dog-breed-identification_cd3ce20e-a9b1-48bc-ba3a-110a586a9110/logs/journal.json
aide,dog-breed-identification,0.7,20,3600,/scratch/gpfs/PLI/sl2998/workspace/mle-agent/runs/2026-02-03T17-42-33-GMT_run-group_aide/dog-breed-identification_bbeac032-55fd-4e98-9ddf-55f29f322727/logs/journal.json
aide,aptos2019-blindness-detection,0.7,20,3600,/scratch/gpfs/PLI/sl2998/workspace/mle-agent/runs/2026-02-03T17-43-20-GMT_run-group_aide/aptos2019-blindness-detection_aa593cb4-6212-4842-8f75-2898a66f8050/logs/journal.json
aide,aptos2019-blindness-detection,1.0,20,32400,/scratch/gpfs/PLI/sl2998/workspace/mle-agent/runs/2026-02-03T17-43-51-GMT_run-group_aide/aptos2019-blindness-detection_187fa6d3-e676-48cb-a5cb-b330eb621b83/logs/journal.json
aide,dogs-vs-cats-redux-kernels-edition,1.0,20,32400,/scratch/gpfs/PLI/sl2998/workspace/mle-agent/runs/2026-02-03T17-44-53-GMT_run-group_aide/dogs-vs-cats-redux-kernels-edition_589038f3-1302-445e-ab8a-b00ba8151f2a/logs/journal.json
aide,dogs-vs-cats-redux-kernels-edition,0.7,20,3600,/scratch/gpfs/PLI/sl2998/workspace/mle-agent/runs/2026-02-03T17-46-00-GMT_run-group_aide/dogs-vs-cats-redux-kernels-edition_1022a901-5128-4088-91f2-d5ef8442c59d/logs/journal.json
aide,jigsaw-toxic-comment-classification-challenge,1.0,20,32400,/scratch/gpfs/PLI/sl2998/workspace/mle-agent/runs/2026-02-03T17-46-40-GMT_run-group_aide/jigsaw-toxic-comment-classification-challenge_87ffcb5b-ecc0-4571-bd12-894e7204c067/logs/journal.json
aide,jigsaw-toxic-comment-classification-challenge,0.7,20,3600,/scratch/gpfs/PLI/sl2998/workspace/mle-agent/runs/2026-02-03T17-46-45-GMT_run-group_aide/jigsaw-toxic-comment-classification-challenge_1b584966-cddb-41a4-981c-3d783af2e20d/logs/journal.json
aide,leaf-classification,0.7,20,3600,/scratch/gpfs/PLI/sl2998/workspace/mle-agent/runs/2026-02-03T17-46-55-GMT_run-group_aide/leaf-classification_6b3c34b3-e9a5-445a-9a6b-bc90dda31cd0/logs/journal.json
aide,mlsp-2013-birds,0.7,20,3600,/scratch/gpfs/PLI/sl2998/workspace/mle-agent/runs/2026-02-03T17-46-58-GMT_run-group_aide/mlsp-2013-birds_45ad831e-710b-46f4-9f13-a176899082f3/logs/journal.json
aide,leaf-classification,1.0,20,32400,/scratch/gpfs/PLI/sl2998/workspace/mle-agent/runs/2026-02-03T17-47-02-GMT_run-group_aide/leaf-classification_9836191e-aed2-40af-acbd-3b10b3a12123/logs/journal.json
aide,mlsp-2013-birds,1.0,20,32400,/scratch/gpfs/PLI/sl2998/workspace/mle-agent/runs/2026-02-03T17-47-18-GMT_run-group_aide/mlsp-2013-birds_ff53c727-91c8-4233-a0fd-ef738d62849b/logs/journal.json
aide,random-acts-of-pizza,0.7,20,3600,/scratch/gpfs/PLI/sl2998/workspace/mle-agent/runs/2026-02-03T17-47-22-GMT_run-group_aide/random-acts-of-pizza_392202c7-c260-48c7-945b-4285e18c210f/logs/journal.json
aide,plant-pathology-2020-fgvc7,1.0,20,32400,/scratch/gpfs/PLI/sl2998/workspace/mle-agent/runs/2026-02-03T17-47-28-GMT_run-group_aide/plant-pathology-2020-fgvc7_0efe4d1d-1c0c-4715-9390-bf825d1f86f6/logs/journal.json
aide,random-acts-of-pizza,1.0,20,32400,/scratch/gpfs/PLI/sl2998/workspace/mle-agent/runs/2026-02-03T17-47-29-GMT_run-group_aide/random-acts-of-pizza_c2463cf5-dbe7-4966-9100-7c5d36c60625/logs/journal.json
aide,nomad2018-predict-transparent-conductors,1.0,20,32400,/scratch/gpfs/PLI/sl2998/workspace/mle-agent/runs/2026-02-03T17-47-33-GMT_run-group_aide/nomad2018-predict-transparent-conductors_30b62c81-1202-40ad-93b6-dab6aa7548d3/logs/journal.json
aide,spooky-author-identification,1.0,20,32400,/scratch/gpfs/PLI/sl2998/workspace/mle-agent/runs/2026-02-03T17-47-43-GMT_run-group_aide/spooky-author-identification_c2970ff7-b678-40c6-8062-1487317615dd/logs/journal.json
aide,spooky-author-identification,0.7,20,3600,/scratch/gpfs/PLI/sl2998/workspace/mle-agent/runs/2026-02-03T17-47-45-GMT_run-group_aide/spooky-author-identification_eca34ddf-7950-4c60-92e0-6adbf2ec8c6d/logs/journal.json
aide,nomad2018-predict-transparent-conductors,0.7,20,3600,/scratch/gpfs/PLI/sl2998/workspace/mle-agent/runs/2026-02-03T17-47-56-GMT_run-group_aide/nomad2018-predict-transparent-conductors_35b48e22-0178-412b-b225-fd1db60ed59d/logs/journal.json
aide,tabular-playground-series-dec-2021,1.0,20,32400,/scratch/gpfs/PLI/sl2998/workspace/mle-agent/runs/2026-02-03T17-47-57-GMT_run-group_aide/tabular-playground-series-dec-2021_206d0f8c-de8a-43b6-89a3-19a97b7b418d/logs/journal.json
aide,tabular-playground-series-may-2022,0.7,20,3600,/scratch/gpfs/PLI/sl2998/workspace/mle-agent/runs/2026-02-03T17-48-02-GMT_run-group_aide/tabular-playground-series-may-2022_289ed39b-e06a-423b-876b-df7c7ea17d4c/logs/journal.json
aide,tabular-playground-series-may-2022,1.0,20,32400,/scratch/gpfs/PLI/sl2998/workspace/mle-agent/runs/2026-02-03T17-48-02-GMT_run-group_aide/tabular-playground-series-may-2022_dd745999-c0a2-4b9a-a668-5db4f4e3e4b2/logs/journal.json
aide,tabular-playground-series-dec-2021,0.7,20,3600,/scratch/gpfs/PLI/sl2998/workspace/mle-agent/runs/2026-02-03T17-48-03-GMT_run-group_aide/tabular-playground-series-dec-2021_b2b0ed90-2879-48b6-84be-a2485c12ce1b/logs/journal.json
aide,plant-pathology-2020-fgvc7,0.7,20,3600,/scratch/gpfs/PLI/sl2998/workspace/mle-agent/runs/2026-02-03T17-48-09-GMT_run-group_aide/plant-pathology-2020-fgvc7_39d13384-eb86-4df6-84e3-96e2d6cddb47/logs/journal.json
aide,text-normalization-challenge-english-language,1.0,20,32400,/scratch/gpfs/PLI/sl2998/workspace/mle-agent/runs/2026-02-03T17-48-11-GMT_run-group_aide/text-normalization-challenge-english-language_e95261b9-5dc8-43a7-a984-3ffe76956ea9/logs/journal.json
aide,new-york-city-taxi-fare-prediction,0.7,20,3600,/scratch/gpfs/PLI/sl2998/workspace/mle-agent/runs/2026-02-03T17-48-15-GMT_run-group_aide/new-york-city-taxi-fare-prediction_1691ef75-e8f6-4c3a-b241-308a7dd7a6d0/logs/journal.json
aide,text-normalization-challenge-english-language,0.7,20,3600,/scratch/gpfs/PLI/sl2998/workspace/mle-agent/runs/2026-02-03T17-48-15-GMT_run-group_aide/text-normalization-challenge-english-language_3f82a396-6c51-4226-970a-83458c267373/logs/journal.json
aide,text-normalization-challenge-russian-language,1.0,20,32400,/scratch/gpfs/PLI/sl2998/workspace/mle-agent/runs/2026-02-03T17-48-19-GMT_run-group_aide/text-normalization-challenge-russian-language_0ea98f48-3e9c-400b-952d-e79aed725169/logs/journal.json
aide,text-normalization-challenge-russian-language,0.7,20,3600,/scratch/gpfs/PLI/sl2998/workspace/mle-agent/runs/2026-02-03T17-48-21-GMT_run-group_aide/text-normalization-challenge-russian-language_ccce95ba-5ef7-4936-a55f-6065a926b609/logs/journal.json
aide,new-york-city-taxi-fare-prediction,1.0,20,32400,/scratch/gpfs/PLI/sl2998/workspace/mle-agent/runs/2026-02-03T17-48-25-GMT_run-group_aide/new-york-city-taxi-fare-prediction_66302619-97e2-4e29-bd69-e24500d92572/logs/journal.json
aide,ranzcr-clip-catheter-line-classification,0.7,20,3600,/scratch/gpfs/PLI/sl2998/workspace/mle-agent/runs/2026-02-03T17-57-28-GMT_run-group_aide/ranzcr-clip-catheter-line-classification_01e13c65-e10b-41e2-8e41-d5b9774357ef/logs/journal.json
aide,ranzcr-clip-catheter-line-classification,1.0,20,32400,/scratch/gpfs/PLI/sl2998/workspace/mle-agent/runs/2026-02-03T17-58-21-GMT_run-group_aide/ranzcr-clip-catheter-line-classification_20b478aa-2423-4c01-b8af-37dd8cae3ae4/logs/journal.json
aide,histopathologic-cancer-detection,1.0,20,32400,/scratch/gpfs/PLI/sl2998/workspace/mle-agent/runs/2026-02-03T18-14-27-GMT_run-group_aide/histopathologic-cancer-detection_48aa2337-424c-44ca-bb11-f648bb121692/logs/journal.json
aide,histopathologic-cancer-detection,0.7,20,3600,/scratch/gpfs/PLI/sl2998/workspace/mle-agent/runs/2026-02-03T18-16-30-GMT_run-group_aide/histopathologic-cancer-detection_9a9f40ab-9419-404c-8da9-b29c152cd9b6/logs/journal.json
